{"Force": {"avg": [-0.04920981940280099, 0.07432787635711872, 0.10477308961578044]}, "Tactile": {"avg": [[33323.04823614111, 32627.26709863211, 32894.94384449244, 32008.84017278618, 33499.967602591794, 32603.668106551475, 32953.48164146868, 31705.300935925126, 33509.95752339813, 32765.541396688266, 32925.322534197265, 31664.42044636429, 33266.94024478042, 32682.588912886968, 32555.69834413247, 31678.704103671706], [33674.8905687545, 33881.77537796976, 33831.25485961123, 33894.04823614111, 33044.0, 33215.63858891289, 33323.222462203026, 33590.77537796976, 33114.3124550036, 33142.15910727142, 33240.521238300935, 33220.84089272858, 32709.665226781857, 32392.57955363571, 32433.85313174946, 32813.33549316055], [37403.192944564435, 37397.38084953204, 36738.72354211663, 37501.5464362851, 37035.40172786177, 36254.380129589634, 36541.92656587473, 37033.18214542836, 36643.17566594672, 36405.375809935205, 36586.425485961125, 37001.386609071276, 37681.204463642905, 37188.59899208063, 37123.66882649388, 37172.54499640029]]}}