{"Force": {"avg": [0.2440136933207892, 0.49101804852614306, 0.7942776940848338]}, "Tactile": {"avg": [[33617.0, 32754.484848484848, 32792.0, 33342.0, 33077.0, 33562.0, 33653.0, 32959.0, 32833.0, 32756.0, 32720.0, 32848.78787878788, 33044.0, 32449.0, 32509.0, 32977.0, 33523.0, 32116.0, 32502.0, 32637.0, 31609.984848484848, 33498.0, 33172.0, 33761.0, 32484.0, 32828.26515151515, 33623.0, 33077.0, 33151.0, 32398.0], [33167.606060606064, 32788.72727272727, 32414.0, 33014.0, 34713.0, 34806.0, 34554.0, 33183.0, 32703.0, 32416.0, 33489.0, 32719.78787878788, 32313.0, 32388.0, 32631.0, 32802.0, 33267.0, 32812.045454545456, 33189.0, 32819.0, 33157.90909090909, 33200.0, 32136.0, 32812.0, 32444.0, 33229.06060606061, 33252.09090909091, 33648.0, 33373.0, 33337.0], [43610.878787878784, 42608.606060606064, 41664.0, 42209.0, 45767.0, 44208.0, 42869.0, 42839.0, 42126.0, 42351.0, 41537.0, 42501.742424242424, 43043.0, 42187.0, 42666.0, 41663.0, 42777.0, 42270.86363636364, 42323.0, 36437.0, 43421.106060606064, 45574.0, 43463.0, 42332.0, 41998.0, 42135.34848484849, 42663.393939393936, 42669.0, 41752.0, 41758.0]]}}