{"Force": {"avg": [0.01876959435890828, 0.00895881102006631, -0.053082257580645394]}, "Tactile": {"avg": [[33628.18081180812, 32616.5, 32745.821033210334, 33461.79520295203, 33081.63284132841, 33611.91512915129, 33634.81549815498, 32970.051660516605, 32871.75461254612, 32873.79520295203, 32388.9889298893, 32757.638376383762, 32804.778597785975, 32120.535055350552, 32416.749077490775, 32992.42435424354, 33516.42066420664, 32342.78228782288, 32527.765682656827, 32593.0221402214, 31759.0, 33518.5221402214, 33118.0, 33767.84870848709, 32501.940959409592, 32857.58671586716, 33634.94095940959, 33091.69926199262, 33160.26568265683, 32421.39667896679], [33145.760147601475, 32790.42435424354, 32399.843173431735, 33363.47232472325, 34719.85239852399, 34833.197416974166, 34531.28413284133, 33173.31365313653, 32679.673431734318, 32432.455719557194, 33493.08118081181, 32753.10147601476, 32579.132841328414, 32612.136531365315, 32917.83025830258, 32825.13284132841, 33294.280442804426, 32654.40221402214, 33258.70295202952, 32663.442804428043, 32882.15129151291, 33187.76568265683, 32100.0, 32845.23616236162, 32461.18819188192, 33226.80811808118, 33247.64760147601, 33652.60147601476, 33371.0, 33332.0], [43444.68265682657, 42491.69926199262, 41553.487084870845, 42058.073800738006, 45612.77306273063, 44042.86900369004, 42752.81549815498, 42684.90405904059, 42002.50922509225, 42289.883763837635, 41407.029520295204, 42419.85793357933, 42930.5036900369, 42135.56457564576, 42562.53874538746, 41533.09963099631, 42647.571955719555, 42199.19557195572, 42224.531365313655, 36333.29151291513, 43356.07749077491, 45467.99815498155, 43317.0, 42239.16974169742, 41891.75276752767, 42053.66789667897, 42561.41143911439, 42565.60147601476, 41662.0, 41685.60332103321]]}}