{"Force": {"avg": [-0.009141538797943877, 0.0021266307406586117, -0.031190144111988283]}, "Tactile": {"avg": [[32888.48599670511, 32719.31136738056, 31837.0, 31857.207578253707, 32552.48599670511, 33046.728171334435, 32768.471169686985, 31611.9176276771, 31951.110378912686, 33713.65733113674, 33811.59308072487, 33978.329489291595, 33646.44645799012, 33045.66392092257, 33339.0, 34003.22240527183, 34175.22899505766, 33773.45799011532, 33240.0, 33137.90444810544, 33194.780889621084, 32449.332784184513, 32618.835255354203, 32322.240527182865, 32188.624382207578, 32308.915980230642, 32724.0313014827, 32769.95881383855, 32316.805601317956, 31733.571663920924], [33580.58319604613, 32485.344316309718, 32972.397034596375, 32782.79242174629, 32937.45634266886, 33578.45634266886, 34276.35255354201, 32831.0823723229, 32254.10049423394, 32579.021416803953, 32548.593080724877, 32643.986820428338, 32809.02141680395, 32995.66886326194, 32974.0510708402, 32397.14827018122, 33027.31301482702, 32903.38550247117, 33735.915980230646, 33542.20593080725, 32735.561779242176, 32525.66556836903, 32044.240527182865, 32247.02635914333, 32125.874794069194, 32986.66721581548, 32691.64579901153, 33510.0, 33361.36573311367, 33065.28665568369], [42950.161449752886, 42767.58484349259, 41462.20593080725, 43302.37726523888, 42559.85667215815, 42472.339373970346, 41769.528830313015, 42086.9176276771, 43239.67545304778, 42906.08566721582, 42927.16309719934, 42282.494233937396, 42612.51070840198, 41549.329489291595, 42589.21087314662, 43829.92586490939, 43100.22899505766, 42492.084019769354, 41827.037891268534, 41814.79406919275, 41997.219110378916, 43332.334431630974, 43712.2784184514, 41993.56013179572, 41464.734761120264, 43229.0823723229, 42015.15650741351, 41807.1647446458, 42250.5370675453, 42429.85831960461]]}}