{"Force": {"avg": [0.005154565826816229, -0.013500517346872755, -0.07193956772349631]}, "Tactile": {"avg": [[32889.177777777775, 32730.264197530865, 31848.027160493828, 31875.51851851852, 32551.0, 33055.513580246916, 32771.23209876543, 31613.864197530864, 31955.866666666665, 33849.0, 33522.0, 33894.002469135805, 33454.34074074074, 33082.74567901235, 33766.0, 34150.0, 34090.0, 33864.83950617284, 33305.92839506173, 33345.392592592594, 33204.79012345679, 32456.0, 32616.53086419753, 32317.0, 32295.0, 32323.34074074074, 32795.69135802469, 32808.25925925926, 32332.395061728395, 31761.51111111111], [33590.91111111111, 32513.646913580247, 32989.46666666667, 32790.641975308645, 32945.0, 33580.71604938272, 34271.76790123457, 32853.71111111111, 32263.066666666666, 32598.0, 32693.0, 32580.3012345679, 32732.414814814816, 32511.548148148147, 32949.0, 32409.0, 33185.0, 33108.46419753086, 33695.07160493827, 33894.91111111111, 32743.916049382715, 32504.0, 32032.16049382716, 32250.654320987655, 32025.0, 32999.06419753086, 32665.861728395063, 33493.148148148146, 33373.02469135803, 33070.044444444444], [42955.46666666667, 42778.148148148146, 41453.33086419753, 43300.87654320987, 42553.0, 42479.28395061728, 41786.58024691358, 42089.74320987654, 43246.77777777778, 42867.0, 42949.0, 42322.9061728395, 42633.148148148146, 41581.38024691358, 42569.0, 43806.0, 43107.0, 42491.91111111111, 41832.4987654321, 41719.251851851855, 42003.706172839506, 43332.0, 43702.67901234568, 41989.30864197531, 41467.0, 43235.65925925926, 42011.276543209875, 41817.48148148148, 42257.16049382716, 42438.62222222222]]}}