{"Force": {"avg": [0.03433131052063662, 0.017294763265901365, -0.034420076792277474]}, "Tactile": {"avg": [[32891.58801020408, 32721.79081632653, 31818.5625, 31841.816326530614, 32565.89030612245, 33046.66836734694, 32769.38775510204, 31591.899234693876, 31934.07908163265, 33776.488520408166, 33533.92346938775, 33753.24234693877, 33368.977040816324, 32657.45918367347, 33379.58801020408, 34076.25, 33855.97321428572, 33735.3418367347, 33295.9668367347, 33054.988520408166, 33197.857142857145, 32442.905612244896, 32607.92091836735, 32307.029336734693, 32292.70280612245, 32291.436224489797, 32788.539540816324, 32809.04846938775, 32314.02806122449, 31721.13520408163], [33606.01913265306, 32509.022959183672, 33000.0918367347, 32803.39668367347, 32935.82653061225, 33580.48469387755, 34282.68877551021, 32833.07015306123, 32254.817602040817, 32630.093112244896, 32684.188775510203, 32603.535714285714, 32672.724489795917, 32796.23086734694, 33062.17219387755, 32486.875, 33046.12627551021, 32956.961734693876, 33661.913265306124, 33521.4068877551, 32742.035714285714, 32499.823979591838, 32005.002551020407, 32242.83418367347, 32009.563775510203, 32992.505102040814, 32656.468112244896, 33483.55612244898, 33359.183673469386, 33044.45025510204], [42984.1875, 42790.692602040814, 41460.30612244898, 43309.23596938775, 42577.44515306123, 42489.28571428572, 41768.15306122449, 42103.41709183674, 43255.2193877551, 42934.539540816324, 42956.90178571428, 42313.43877551021, 42635.9693877551, 41579.40051020408, 42603.524234693876, 43858.25, 43149.84821428572, 42507.58801020408, 41845.60969387755, 41839.07015306123, 41974.27678571428, 43332.44642857143, 43744.77678571428, 42018.9668367347, 41500.551020408166, 43252.744897959186, 42021.392857142855, 41834.85969387755, 42273.39540816326, 42436.608418367345]]}}