{"Force": {"avg": [0.004301913056508544, 0.00832517045216838, -0.046977003073772235]}, "Tactile": {"avg": [[33642.0, 34166.0, 33059.0, 33461.0, 34062.0, 33598.0, 33661.574712643676, 33028.50574712644, 33025.0, 34518.0, 33685.0, 34028.0, 33608.0, 33029.0, 33261.0, 33572.0, 33423.0, 33558.0, 33696.0, 33511.0, 32687.0, 32953.0, 32994.0, 32832.55172413793, 32375.114942528737, 31957.0, 33122.0, 33168.0, 31818.0, 32220.0], [32690.0, 33175.0, 33070.0, 33372.0, 33140.0, 34208.0, 34296.574712643676, 33919.747126436785, 32990.65517241379, 32074.0, 32870.0, 31852.0, 32350.0, 32252.0, 32981.0, 32481.0, 32802.0, 33260.0, 33364.0, 33452.0, 33131.0, 32865.0, 30975.0, 31682.0, 32079.94252873563, 32450.0, 32392.0, 33028.0, 32404.0, 32443.0], [42492.0, 41162.0, 40572.0, 40858.0, 43338.0, 43032.0, 41527.574712643676, 41838.49425287356, 41299.44827586207, 42474.0, 41363.0, 41173.0, 42222.0, 41703.0, 41530.0, 42332.0, 41558.0, 41371.0, 41036.0, 41806.0, 41170.0, 42385.0, 43646.0, 41790.48275862069, 42348.34482758621, 42445.0, 42374.0, 42098.0, 42433.0, 43025.0]]}}