{"Force": {"avg": [-0.0012953396299820385, 0.0038731744913600877, 0.008704071292367398]}, "Tactile": {"avg": [[33634.09090909091, 34124.138755980865, 33036.0, 33475.0, 34061.818181818184, 33573.0, 33535.09090909091, 33043.454545454544, 33011.0, 34389.0, 33781.50717703349, 33856.55023923445, 33438.80861244019, 33206.0, 33447.36363636364, 33654.045454545456, 33552.54306220096, 33526.45933014354, 33702.004784688994, 33540.0, 32948.27272727273, 32903.45215311005, 32993.0, 32838.818181818184, 32358.124401913876, 31948.184210526317, 33294.92344497608, 33266.35645933014, 31838.0, 32143.0], [32674.272727272728, 33167.167464114835, 33035.0, 33392.0, 33110.36363636364, 34264.0, 34284.90909090909, 33903.545454545456, 32998.86363636364, 32539.91866028708, 32928.5023923445, 31834.174641148325, 32328.712918660287, 32348.0, 32745.090909090908, 32260.045454545456, 32484.17224880383, 33275.62200956938, 33301.004784688994, 33288.0, 32862.181818181816, 32867.54784688995, 31039.0, 31716.454545454544, 32100.325358851675, 32473.184210526317, 32527.03827751196, 32968.75119617225, 32410.0, 32879.0], [42821.72727272727, 41516.167464114835, 40980.0, 41224.0, 43598.27272727273, 43378.0, 41880.27272727273, 42215.36363636364, 41709.454545454544, 42712.91866028708, 41715.516746411486, 41626.2009569378, 42658.617224880385, 42104.0, 42036.818181818184, 42586.63636363636, 41901.1985645933, 41771.45933014354, 41453.04306220096, 42177.0, 41501.22727272727, 42615.16507177034, 43988.0, 42182.63636363636, 42726.55023923445, 42823.10526315789, 42687.282296650716, 42424.882775119615, 42803.0, 43366.0]]}}