{"Force": {"avg": [-0.022217395490619095, 0.006615749042163125, 0.017889591891377243]}, "Tactile": {"avg": [[33648.0, 34147.0, 33038.0, 33478.0, 34065.03614457831, 33578.24096385542, 33550.0, 33063.30361445783, 33004.0, 34328.0, 33692.0, 33895.66024096386, 33371.43855421687, 33758.57590361446, 33214.0, 33737.0, 33566.74698795181, 33561.0, 33720.45060240964, 33560.50843373494, 32899.97590361446, 32907.9421686747, 33003.224096385544, 32848.0, 32353.0, 31926.421686746988, 33317.426506024094, 33272.4843373494, 31821.484337349397, 32116.301204819276], [32681.927710843374, 33176.34939759036, 33055.17831325301, 33409.9421686747, 33121.98795180723, 34298.12048192771, 34309.0, 33907.88915662651, 33021.0, 32524.0, 32813.20240963856, 31877.66987951807, 32513.0, 32141.151807228915, 32963.0, 32601.0, 32390.493975903613, 33310.12048192771, 33353.665060240965, 33318.327710843376, 32903.60963855422, 32868.173493975904, 31018.29156626506, 31705.0, 32095.0, 32460.68674698795, 32519.72048192771, 32970.546987951806, 32398.484337349397, 32873.301204819276], [42787.409638554214, 41474.10843373494, 40938.33975903614, 41182.681927710844, 43608.98795180723, 43372.0, 41835.0, 42184.802409638556, 41660.0, 42810.0, 41703.0, 41587.66024096386, 42606.94698795181, 42174.84819277108, 41928.0, 42565.0, 41874.0578313253, 41737.375903614455, 41404.698795180724, 42170.146987951804, 41494.78072289157, 42612.2313253012, 44010.08674698795, 42170.0, 42708.0, 42804.57831325301, 42689.71325301205, 42413.453012048194, 42790.7108433735, 43358.25301204819]]}}