{"Force": {"avg": [-0.03588318197681104, 0.01849718906621661, 0.1370277245259866]}, "Tactile": {"avg": [[33665.87943262411, 34175.09219858156, 33045.554964539006, 33499.514184397165, 34093.6914893617, 33606.68794326241, 33568.4219858156, 33057.0, 33014.14184397163, 34421.0, 33812.882978723406, 33921.14184397163, 33415.36879432624, 33289.51773049645, 33360.92907801418, 33743.955673758865, 33596.945035460994, 33620.0, 33697.53723404255, 33590.26063829787, 32872.0, 32897.083333333336, 33002.01773049645, 32842.645390070924, 32346.923758865247, 31910.46985815603, 33322.0, 33284.31914893617, 31800.718085106382, 32100.478723404256], [32697.340425531915, 33197.613475177306, 33069.32978723404, 33422.514184397165, 33151.05141843972, 34353.624113475176, 34358.265957446805, 33979.216312056735, 33022.574468085106, 32601.91489361702, 32802.94680851064, 31887.429078014186, 32448.2695035461, 32207.758865248226, 33097.0, 32578.982269503547, 32510.90425531915, 33254.0, 33380.41312056738, 33490.313829787236, 33005.37234042553, 32879.416666666664, 30984.971631205673, 31675.822695035462, 32073.152482269503, 32461.705673758865, 32516.258865248226, 32980.84042553192, 32399.652482269503, 32867.95744680851], [42787.85815602837, 41451.86524822695, 40874.214539007095, 41131.05673758865, 43637.94858156028, 43397.624113475176, 41819.843971631206, 42151.406028368794, 41613.29078014184, 42782.04255319149, 41697.234042553195, 41579.28723404255, 42611.82269503546, 42032.48226950355, 41825.035460992905, 42560.02659574468, 41863.28723404255, 41718.12765957447, 41384.85106382979, 42154.50709219858, 41438.186170212764, 42602.916666666664, 44018.84574468085, 42143.063829787236, 42722.914893617024, 42809.764184397165, 42685.48936170213, 42369.882978723406, 42772.23936170213, 43350.617021276594]]}}