{"Force": {"avg": [-0.012400107203213658, 0.028506793413197895, 0.04301479029458775]}, "Tactile": {"avg": [[33122.63295454546, 32413.407386363637, 32671.0, 32039.623295454545, 33226.615909090906, 32486.789204545454, 32834.01193181818, 31678.857954545456, 33233.781818181815, 32661.581818181818, 32801.75965909091, 31789.678977272728, 33170.068181818184, 32623.742613636365, 32541.377272727274, 31610.245454545453], [33498.31477272727, 33575.173295454544, 33691.11022727273, 33746.88352272727, 32996.32556818182, 33109.84261363636, 33273.79318181818, 33532.01931818182, 33072.30965909091, 33010.093181818185, 33140.548295454544, 33100.62159090909, 32820.911931818184, 32547.571022727272, 32538.017613636363, 32911.93295454545], [37366.28352272727, 37333.17215909091, 36682.52329545454, 37465.54090909091, 37029.33238636364, 36163.49886363636, 36496.46647727273, 36933.23806818182, 36577.77102272727, 36289.193181818184, 36510.02840909091, 36929.54943181818, 37616.494318181816, 37086.65965909091, 37028.490909090906, 37027.39318181818]]}}