{"Force": {"avg": [0.0022728302338869814, -0.017740930466647327, -0.001189846029819724]}, "Tactile": {"avg": [[32885.07959479016, 32711.33574529667, 31836.507959479015, 31850.7004341534, 32559.758321273515, 33049.76555716353, 32765.602026049204, 31602.37916063676, 31948.59479015919, 33774.0, 33495.247467438494, 34081.4500723589, 33371.88133140376, 32577.21418234443, 33347.59189580318, 34027.18668596238, 33924.092619392184, 33763.43270622286, 33279.29232995659, 33165.0, 33187.37916063676, 32443.07091172214, 32540.483357452966, 32295.341534008683, 32464.87988422576, 32293.088277858176, 32708.289435600578, 32764.338639652677, 32310.28364688857, 31713.63965267728], [33586.03617945007, 32506.008683068016, 32990.08248914617, 32792.46454413893, 32922.48335745297, 33578.68740955138, 34279.92040520984, 32838.93342981187, 32263.92040520984, 32656.351664254704, 32704.752532561506, 32603.256150506513, 32684.146164978294, 32529.04486251809, 32900.11577424023, 32394.40665701881, 33016.46309696093, 32932.57308248914, 33613.0, 33522.143270622284, 32739.732272069465, 32523.357452966717, 31853.033285094065, 32244.652677279304, 32159.931982633865, 32966.27062228654, 32455.806078147612, 33482.0, 33330.8494934877, 33033.4008683068], [42863.03907380608, 42696.1490593343, 41351.68017366136, 43235.332850940664, 42466.96671490593, 42377.54558610709, 41686.55716353111, 42001.1013024602, 43152.616497829236, 42820.351664254704, 42889.059334298116, 42198.44283646889, 42532.853835021706, 41524.30390738061, 42524.852387843704, 43754.143270622284, 43053.57308248914, 42408.58755426917, 41745.32272069465, 41730.42836468886, 41922.026049204054, 43236.14182344428, 43608.7004341534, 41925.44428364689, 41417.351664254704, 43143.64109985528, 41921.15340086831, 41743.28798842258, 42178.11432706223, 42345.72069464544]]}}