{"Force": {"avg": [-0.17924490165180096, 0.12029328961329856, 0.39493968008969293]}, "Tactile": {"avg": [[33645.87665198238, 34184.51872246696, 33049.0, 33497.898678414094, 34084.31057268722, 33592.0, 33552.0, 33008.82709251101, 33002.0, 34422.00550660793, 33663.86343612335, 33915.58149779736, 33396.7422907489, 33188.88105726872, 33539.18832599119, 33638.603524229075, 33524.76872246696, 33605.55066079295, 33706.813876651984, 33416.95814977973, 32885.76211453744, 32880.58039647577, 33006.00881057269, 32828.70154185022, 32354.960352422906, 31922.898678414098, 33535.259911894274, 33270.98898678414, 31821.420704845816, 32038.533039647577], [32689.8281938326, 33198.55066079295, 33051.39207048458, 33441.42400881057, 33146.96806167401, 34331.93392070485, 34351.18502202643, 34097.17290748899, 33033.17841409692, 32611.256607929514, 32888.78634361234, 31890.19713656388, 32470.02973568282, 32054.55947136564, 32917.91189427313, 32759.806167400882, 32280.19713656388, 33520.37114537445, 33511.862334801765, 33430.23788546256, 33002.552863436125, 32878.31167400881, 30969.504405286345, 31678.835903083702, 32070.889867841408, 32495.907488986784, 32442.429515418502, 32963.62665198238, 32396.737885462557, 32476.48898678414], [43013.907488986784, 41661.07488986784, 41102.39207048458, 41356.151982378855, 43823.28303964758, 43596.48348017621, 42044.82378854626, 42378.691629955945, 41863.589207048455, 42999.89427312776, 41925.66189427313, 41800.80947136564, 42844.74669603524, 42248.88105726872, 41987.32599118943, 42825.220264317184, 42088.92070484581, 41935.4063876652, 41608.01101321586, 42382.02422907489, 41694.6563876652, 42800.42511013216, 44225.99118942731, 42360.56718061674, 42918.149779735686, 43021.14537444934, 42861.37885462555, 42588.83149779736, 42991.21365638766, 43585.844713656385]]}}