{"Force": {"avg": [-0.003813771589983057, 0.05077938552074973, -0.04144123450638671]}, "Tactile": {"avg": [[33017.653008962865, 32375.35467349552, 32619.56594110115, 32140.0, 33413.924455825865, 32294.014084507042, 32702.558258642766, 31707.037131882204, 33446.431498079386, 32743.408450704224, 32816.0, 31856.0, 33268.855313700384, 32655.837387964148, 32477.0, 31788.918053777208], [33593.56466069142, 33563.67733674776, 33813.56594110115, 34090.60947503201, 32937.075544174135, 33103.50704225352, 33300.88604353393, 33700.19078104993, 33093.431498079386, 33120.0, 33348.5966709347, 33390.973111395644, 32742.855313700384, 32439.837387964148, 32519.170294494237, 32992.56209987196], [37239.43533930858, 37340.064020486556, 36604.73623559539, 37448.53649167734, 36970.71702944942, 36097.50704225352, 36384.73111395646, 36834.73495518566, 36519.24199743918, 36241.704225352114, 36451.2099871959, 36844.432778489114, 37611.855313700384, 37079.395646606914, 36998.51088348271, 37079.52112676056]]}}