{"Force": {"avg": [0.16455767838689653, 0.41500279042325694, 0.7227413075591923]}, "Tactile": {"avg": [[32886.0, 32696.0, 31771.119205298015, 31750.774834437085, 32569.0, 33065.24503311258, 32753.039735099337, 31561.60927152318, 31893.529801324505, 33853.29801324503, 33559.0, 34023.17880794702, 33681.0, 32665.867549668874, 33316.198675496686, 34171.32450331126, 33918.0, 33772.0, 33370.0, 33012.258278145695, 33175.0, 32433.0, 32618.64238410596, 32268.70860927152, 32302.96688741722, 32262.0, 32606.0, 32754.0, 32303.10264900662, 31504.0], [33608.0, 32502.0, 32992.11920529801, 32798.66887417219, 32937.0, 33590.867549668874, 34295.49337748344, 32828.47682119205, 32243.83774834437, 32635.403973509932, 32800.0, 32413.741721854305, 32328.0, 32532.433774834437, 32952.90066225165, 32386.887417218542, 32997.0, 32939.0, 33880.0, 33522.51655629139, 32713.0, 32541.0, 32012.98013245033, 32230.43046357616, 32346.51655629139, 32994.0, 32609.0, 33531.0, 33374.85761589404, 32989.0], [43106.0, 42928.0, 41567.82119205298, 43381.11920529801, 42689.0, 42597.55629139073, 41886.93377483444, 42189.562913907284, 43376.85430463576, 43020.596026490064, 43089.0, 42415.03642384106, 42757.0, 41709.18874172185, 42706.69536423841, 43967.76158940397, 43255.0, 42607.0, 41878.0, 41923.496688741725, 42058.0, 43442.0, 43843.50993377483, 42071.74834437086, 41612.89072847682, 43327.0, 42081.0, 41875.0, 42330.24503311258, 42488.0]]}}