{"Force": {"avg": [-0.24933758323068084, 0.12792840383901224, 0.5132819871596556]}, "Tactile": {"avg": [[33645.0, 34169.089514066494, 33045.726342711, 33486.28132992327, 34087.0, 33593.90537084399, 33550.76726342711, 33013.739130434784, 32994.35294117647, 34477.0, 33728.0, 33877.11508951407, 33422.44757033248, 33206.65217391304, 33321.0, 33647.0, 33629.0, 33538.0, 33700.0, 33548.15856777494, 32861.0, 32883.0, 33001.309462915604, 32828.0, 32346.0, 31926.936061381075, 33536.0, 33264.22762148338, 31813.0, 32338.626598465475], [32694.0, 33197.910485933506, 33052.849104859335, 33430.437340153454, 33144.0, 34322.3810741688, 34333.46547314578, 34050.260869565216, 33020.626598465475, 32555.0, 32915.0, 31873.884910485933, 32469.856777493605, 32057.608695652172, 33045.0, 32745.0, 32331.0, 33231.086956521736, 33407.6368286445, 33333.79028132992, 32980.0, 32872.0, 30981.649616368286, 31678.0, 32073.961636828644, 32465.0, 32449.0, 32956.820971867004, 32396.946291560103, 32718.49360613811], [43016.0, 41671.54475703325, 41118.726342711, 41373.12531969309, 43837.0, 43587.71355498721, 42053.43989769821, 42403.52173913043, 41878.406649616365, 42978.0, 41935.0, 41796.0, 42845.7621483376, 42239.17391304348, 42090.0, 42814.0, 42073.0, 41959.65217391304, 41634.3631713555, 42383.086956521736, 41660.0, 42803.0, 44235.959079283886, 42352.36828644501, 42946.424552429664, 43020.13810741688, 42868.0, 42588.040920716114, 43008.89258312021, 43571.50639386189]]}}