{"Force": {"avg": [-0.2999803634380657, 0.36821966320424965, 0.8523568406642597]}, "Tactile": {"avg": [[33626.60759493671, 32768.852320675105, 32805.0, 33372.0, 33074.0, 33264.0, 33677.0, 32969.0, 32859.0, 32757.0, 32277.274261603376, 32839.01687763713, 32952.0, 32434.0, 32372.25316455696, 32997.0, 33403.40084388186, 32247.759493670885, 32438.0, 32621.0, 31651.02953586498, 33524.962025316454, 33204.0, 33781.0, 32497.0, 32842.77215189873, 33641.29113924051, 33087.0, 33161.0, 32403.0], [33144.43459915612, 32776.05907172996, 32401.0, 32993.0, 34713.67932489452, 34975.0, 34530.0, 33190.0, 32694.0, 32400.0, 33484.9746835443, 32771.645569620254, 32525.0, 32418.0, 32888.50632911392, 32836.0, 33187.40084388186, 32679.240506329115, 33277.0, 32910.0, 33006.48523206751, 33198.20253164557, 32139.0, 32827.0, 32460.0, 33240.3417721519, 33248.06329113924, 33646.0, 33370.0, 33332.0], [43555.86919831223, 42585.02953586498, 41628.0, 42169.0, 45745.23628691983, 44120.0, 42844.0, 42807.0, 42104.0, 42354.0, 41519.675105485236, 42481.38818565401, 43024.0, 42198.0, 42681.26582278481, 41663.0, 42787.40084388186, 42274.81012658228, 42326.0, 36430.0, 43448.51476793249, 45616.354430379746, 43475.0, 42339.0, 42000.0, 42138.3417721519, 42668.48101265823, 42678.0, 41775.0, 41777.0]]}}