{"Force": {"avg": [-0.08069967578020196, -0.008036110127264426, 0.2130787537174317]}, "Tactile": {"avg": [[33626.0, 34149.35, 33046.0, 33442.0, 34056.0, 33597.0, 33609.0, 33041.0, 33024.0, 34434.0, 33749.0, 34100.0, 33593.6375, 33126.0, 33321.0, 33623.0, 33459.0, 33564.0, 33729.0, 33624.2375, 32859.0, 32961.0, 33001.95, 32840.0, 32374.0, 31957.45, 33126.0, 33290.6, 31844.0, 32251.0], [32682.0, 33167.3375, 33049.0, 33445.0, 33112.0, 34182.0, 34357.0, 33944.0, 33002.0, 32421.0, 32713.0, 31764.0, 32423.6875, 32474.0, 33025.0, 32291.0, 32446.0, 33146.0, 33248.0, 33376.8, 33056.0, 32872.0, 31006.0875, 31705.0, 32101.0, 32487.3375, 32623.0, 32991.125, 32404.0, 32765.0], [42788.0, 41498.9375, 40933.0, 41209.0, 43596.0, 43372.0, 41856.0, 42210.0, 41667.0, 42805.0, 41685.0, 41545.0, 42601.1625, 42104.0, 41858.0, 42590.0, 41899.0, 41736.0, 41447.0, 42153.6, 41541.0, 42645.0, 43975.4, 42164.0, 42723.0, 42809.125, 42664.0, 42405.75, 42810.0, 43350.0]]}}