{"Force": {"avg": [-0.1273121702087308, 0.2530158097205326, 0.7670265037031765]}, "Tactile": {"avg": [[32890.92936802974, 32702.99628252788, 31787.0, 31737.0, 32561.42750929368, 33065.0, 32744.918215613383, 31569.0, 31905.0, 33771.776951672866, 33722.56505576208, 34278.89219330855, 33835.0, 33218.0, 33744.8624535316, 34368.28996282528, 34193.99256505576, 33778.617100371746, 33209.0, 33277.0, 33182.724907063195, 32461.49442379182, 32639.0, 32282.0, 32317.0, 32280.14126394052, 32624.695167286245, 32774.126394052044, 32303.096654275094, 31750.0], [33605.0, 32503.977695167287, 32992.0, 32815.0, 32947.85873605948, 33620.0, 34314.591078066915, 32848.0, 32257.0, 32365.29739776952, 32766.565055762083, 32417.546468401488, 32505.0, 32954.0, 32760.0780669145, 32782.260223048324, 33022.494423791824, 32903.18587360595, 33727.0, 33628.0, 32746.85501858736, 32544.226765799256, 32046.0, 32250.0, 32358.0, 33006.85873605948, 32615.0, 33535.37546468402, 33388.42750929368, 33091.0], [43078.35687732342, 42893.03717472119, 41531.0, 43398.0, 42666.86617100372, 42579.0, 41873.382899628254, 42182.0, 43352.0, 43048.25650557621, 43059.99256505576, 42335.80669144981, 42715.0, 41649.0, 42617.0, 43961.260223048324, 43225.483271375466, 42602.14869888476, 41901.0, 41887.0, 42063.00743494424, 43458.53903345725, 43850.0, 42077.0, 41611.0, 43337.494423791824, 42105.08550185874, 41906.30483271375, 42366.226765799256, 42534.0]]}}