{"Force": {"avg": [-0.00986796507528824, 0.00017221645546897343, -0.008540394294548373]}, "Tactile": {"avg": [[33638.53982300885, 34167.05014749263, 33064.0, 33463.7453294002, 34065.13667649951, 33593.55063913471, 33719.59685349066, 33008.566371681416, 33032.0, 34515.184857423796, 33701.41297935103, 34002.20550639135, 33576.20648967552, 32964.92232055064, 33310.93510324484, 33572.66863323501, 33416.87413962635, 33546.0, 33716.0, 33581.7197640118, 32810.1209439528, 32949.19567354966, 32985.80924287119, 32820.56243854474, 32370.810226155358, 31963.69813176008, 33118.02359882006, 33158.2517207473, 31825.762045231073, 32202.386430678467], [32690.224188790562, 33168.013765978365, 33067.49557522124, 33359.4778761062, 33133.864306784664, 34240.00688298918, 34300.20157325467, 33999.70796460177, 33003.390363815146, 32073.928220255653, 32870.345132743365, 31791.885939036383, 32136.96755162242, 31900.689282202555, 32670.692232055066, 32474.569321533923, 32805.008849557526, 33247.448377581124, 33296.93215339233, 33265.681415929204, 33206.52802359882, 32860.36578171091, 30977.72861356932, 31694.36086529007, 32083.782694198624, 32461.095378564405, 32390.638151425763, 33021.38249754179, 32399.479842674533, 32425.418879056047], [42490.620452310715, 41159.08652900688, 40587.486725663715, 40878.57718780728, 43343.72271386431, 43025.99016715831, 41492.941002949854, 41831.90855457227, 41307.12192723697, 42472.01474926254, 41362.70501474926, 41182.6145526057, 42194.165191740416, 41677.616519174044, 41514.635201573255, 42337.90953785644, 41553.02753195674, 41367.135693215336, 41009.72861356932, 41789.94985250737, 41177.95280235988, 42373.03933136677, 43664.32153392331, 41800.53883972468, 42348.524090462146, 42437.63126843658, 42381.60570304818, 42093.25270403147, 42447.8790560472, 43000.54867256637]]}}