{"Force": {"avg": [0.007845612430223534, 0.003427284192796983, 0.004544250383377189]}, "Tactile": {"avg": [[33640.0594795539, 34154.263940520446, 33034.71375464684, 33482.46096654275, 34067.86802973978, 33595.970260223046, 33548.03531598513, 33031.0, 33009.323420074346, 34147.70817843866, 33589.31598513011, 33941.0, 33504.00371747212, 33212.89033457249, 33211.17100371747, 33514.799256505576, 33321.092936802976, 33577.05204460966, 33694.59479553904, 33499.371747211895, 32958.0, 32893.71003717472, 32995.630111524166, 32841.25278810409, 32349.808550185873, 31930.0, 33354.0, 33264.31598513011, 31825.776951672862, 32123.278810408923], [32681.118959107807, 33173.63197026022, 33054.0, 33406.32713754647, 33120.13197026022, 34299.50743494424, 34324.442379182154, 33971.91449814126, 33013.04460966543, 32433.29182156134, 32884.126394052044, 31758.490706319702, 32343.752788104088, 32146.0, 32893.66914498141, 32281.602230483273, 32587.174721189593, 33184.7843866171, 33400.553903345724, 33411.17100371747, 32899.0, 32872.09665427509, 31007.52602230483, 31687.98884758364, 32077.539033457248, 32457.698884758363, 32321.32342007435, 32969.43866171004, 32405.057620817843, 32890.63940520446], [42915.98513011153, 41581.104089219334, 41037.07434944238, 41298.21189591078, 43720.812267657995, 43485.38847583643, 41980.26579925651, 42315.47583643123, 41770.36802973978, 42939.29182156134, 41809.63197026022, 41683.65427509294, 42744.00371747212, 42197.421933085505, 42009.33085501859, 42717.39033457249, 42020.45910780669, 41863.8624535316, 41532.08550185874, 42300.34200743494, 41572.0, 42715.323420074346, 44127.78624535316, 42272.75836431227, 42829.57434944238, 42925.053903345724, 42790.90334572491, 42513.75464684015, 42885.057620817846, 43457.40148698885]]}}