{"Force": {"avg": [-0.00105255179779517, -0.004163634636675189, 0.03915797441640412]}, "Tactile": {"avg": [[33181.436090225565, 32470.0, 32647.629072681706, 32046.417293233084, 33222.56015037594, 32373.24060150376, 32734.0, 31768.171679197996, 33290.68170426065, 32639.18671679198, 32716.01754385965, 31952.583959899748, 33200.98746867168, 32688.020050125313, 32603.70426065163, 31723.184210526317], [33529.39598997494, 33639.172932330825, 33747.6290726817, 33823.0, 33087.52005012531, 33110.62656641604, 33255.35338345865, 33565.19423558897, 33182.34085213033, 33117.62656641604, 33288.86466165414, 33304.60401002506, 32760.50626566416, 32573.39598997494, 32657.112781954886, 33082.55263157895], [37329.81954887218, 37337.37969924812, 36657.05639097744, 37387.33082706767, 36981.08020050125, 36137.10776942356, 36428.70676691729, 36920.35213032582, 36554.17543859649, 36273.43984962406, 36447.0, 36842.60401002506, 37587.98746867168, 37052.563909774435, 36998.22556390977, 36975.71052631579]]}}