{"Force": {"avg": [-0.015982520758014984, 0.014414379876900672, 0.07320490919236826]}, "Tactile": {"avg": [[33625.64705882353, 32616.0, 32750.62895927602, 33459.63800904978, 33077.371040723985, 33799.42533936651, 33632.66063348416, 32964.50678733032, 32869.21266968326, 32893.737556561086, 32388.278280542985, 32786.966063348416, 32835.0, 32295.81900452489, 32477.287330316743, 32982.63800904978, 33292.60180995475, 32400.0, 32426.0, 32675.825791855204, 31758.970588235294, 33501.282805429866, 33109.11312217195, 33750.617647058825, 32508.113122171944, 32864.0, 33628.62669683258, 33086.35294117647, 33166.81447963801, 32435.615384615383], [33133.17647058824, 32784.0, 32388.787330316743, 33341.60180995475, 34691.34841628959, 34863.78733031674, 34511.69683257918, 33166.1221719457, 32681.531674208145, 32417.095022624435, 33474.9886877828, 32781.0, 32630.0, 32535.493212669684, 32884.54524886878, 32823.36199095022, 33183.59728506787, 32639.0, 33183.0, 32842.39366515837, 33042.656108597286, 33179.41402714932, 32110.699095022625, 32839.705882352944, 32464.529411764706, 33214.0, 33233.29864253393, 33634.76470588235, 33363.909502262446, 33317.52488687783], [42920.529411764706, 41949.0, 41037.68325791855, 41585.86199095022, 45084.719457013576, 43441.0407239819, 42156.67873303167, 42143.77375565611, 41497.25339366516, 41793.16742081448, 40876.19683257918, 41824.592760180996, 42330.0, 41572.0, 42038.325791855204, 41057.047511312216, 42136.0, 41604.0, 41640.0, 35877.65158371041, 42801.82126696833, 44957.97963800905, 42760.90497737557, 41679.76470588235, 41345.78733031674, 41557.0, 42056.67194570136, 42028.0, 41189.26696832579, 41207.23981900453]]}}