{"Force": {"avg": [-0.04191554543130242, 0.017484184620650357, 0.013480053988540993]}, "Tactile": {"avg": [[33617.93004115226, 32623.0, 32753.123456790123, 33466.0, 33080.0, 33323.0, 33649.0, 32974.8353909465, 32884.0, 32881.0, 32498.0, 32815.51851851852, 33024.46913580247, 32239.0, 32489.53497942387, 32970.07407407407, 33572.46090534979, 32342.444444444445, 32721.0, 32708.0, 31817.0, 33509.0, 33116.0, 33760.0, 32507.0, 32867.14403292181, 33626.88888888889, 33089.02469135803, 33169.0, 32439.69135802469], [33137.57201646091, 32784.82304526749, 32390.222222222223, 33339.0, 34680.0, 35050.0, 34458.0, 33147.05349794239, 32665.0, 32424.0, 33521.0, 32769.11111111111, 32441.958847736627, 32632.0, 32895.477366255145, 32830.61728395062, 33177.94238683127, 32652.222222222223, 33292.7695473251, 32698.0, 32852.18518518518, 33189.0, 32121.0, 32854.0, 32475.0, 33229.25925925926, 33236.7037037037, 33628.65020576132, 33364.0, 33319.20987654321], [42918.358024691355, 41939.38683127572, 41027.049382716046, 41592.0, 45068.0, 43396.0, 42159.0, 42138.7366255144, 41503.0, 41781.0, 40926.0, 41828.96296296296, 42318.53086419753, 41560.0, 42045.07818930041, 41059.27160493827, 42122.51851851852, 41611.88888888889, 41627.831275720164, 35884.0, 42802.49382716049, 44951.0, 42769.0, 41677.0, 41356.0, 41564.8683127572, 42067.11111111111, 42041.674897119345, 41185.0, 41217.40740740741]]}}