{"Force": {"avg": [-0.02814181017412966, 0.021635901014565025, 0.027335375565178052]}, "Tactile": {"avg": [[33616.0, 32623.19291338583, 32748.55905511811, 33459.11417322834, 33067.0, 33583.00787401575, 33651.0, 32970.0, 32877.0, 32890.0, 32391.0, 32792.0, 32755.984251968504, 32226.535433070865, 32384.0, 32996.0, 33274.0, 32269.0, 32510.779527559054, 32623.818897637797, 31792.0, 33500.0, 33113.0, 33749.17716535433, 32503.0, 32863.0, 33628.0, 33079.8031496063, 33152.45669291339, 32437.889763779527], [33131.0, 32779.91732283465, 32394.83070866142, 33335.291338582676, 34678.0, 34671.149606299216, 34496.362204724406, 33149.0, 32671.0, 32423.0, 33437.0, 32766.0, 32510.338582677166, 32637.070866141734, 32847.0, 32824.0, 33327.0, 32674.0, 33216.75590551181, 32740.36220472441, 32862.0, 33172.0, 32118.0, 32845.0, 32458.0, 33209.0, 33231.0, 33625.49212598425, 33347.34645669291, 33313.055118110235], [42920.0, 41949.19291338583, 41051.33858267716, 41596.17716535433, 45069.0, 43513.23228346457, 42154.2125984252, 42156.0, 41505.0, 41798.0, 40871.0, 41816.0, 42317.0, 41565.464566929135, 42045.0, 41064.0, 42139.0, 41615.0, 41640.90551181103, 35890.03149606299, 42811.0, 44941.0, 42775.26771653543, 41681.637795275594, 41362.0, 41564.0, 42071.0, 42036.393700787405, 41196.30708661417, 41219.740157480315]]}}